MAPE,RMSE
458.20833461153853,2421.8173451078856
